Ciudad de México, Ciudad de México,27C,28,23/02/2024 15:45
Guadalajara, Jalisco,30C,33,23/02/2024 15:45
Monterrey, Nuevo León,24C,23,23/02/2024 15:45
Zapopan, Jalisco,30C,33,23/02/2024 15:46
Tlaquepaque, Jalisco,30C,30,23/02/2024 15:46
Tonalá, Jalisco,30C,30,23/02/2024 15:46
Ciudad de México, Ciudad de México,27C,28,23/02/2024 15:46
Guadalajara, Jalisco,30C,33,23/02/2024 15:46
Monterrey, Nuevo León,24C,23,23/02/2024 15:46
Zapopan, Jalisco,30C,33,23/02/2024 15:47
Tlaquepaque, Jalisco,30C,30,23/02/2024 15:47
Tonalá, Jalisco,30C,30,23/02/2024 15:47
Ciudad de México, Ciudad de México,27C,28,23/02/2024 15:48
Guadalajara, Jalisco,30C,33,23/02/2024 15:48
Monterrey, Nuevo León,24C,23,23/02/2024 15:48
Zapopan, Jalisco,30C,33,23/02/2024 15:48
Tlaquepaque, Jalisco,30C,30,23/02/2024 15:48
Tonalá, Jalisco,30C,30,23/02/2024 15:48
Ciudad de México, Ciudad de México,27C,28,23/02/2024 15:49
Guadalajara, Jalisco,30C,33,23/02/2024 15:49
Monterrey, Nuevo León,24C,23,23/02/2024 15:49
Zapopan, Jalisco,30C,33,23/02/2024 15:49
Tlaquepaque, Jalisco,30C,30,23/02/2024 15:50
Tonalá, Jalisco,30C,30,23/02/2024 15:50
Ciudad de México, Ciudad de México,27C,28,23/02/2024 15:51
Guadalajara, Jalisco,30C,33,23/02/2024 15:51
Monterrey, Nuevo León,24C,23,23/02/2024 15:51
Zapopan, Jalisco,30C,33,23/02/2024 15:51
Tlaquepaque, Jalisco,30C,30,23/02/2024 15:51
Tonalá, Jalisco,30C,30,23/02/2024 15:51
Ciudad de México, Ciudad de México,27C,28,23/02/2024 15:52
Guadalajara, Jalisco,30C,33,23/02/2024 15:52
Monterrey, Nuevo León,24C,23,23/02/2024 15:52
Zapopan, Jalisco,30C,33,23/02/2024 15:52
Tlaquepaque, Jalisco,30C,30,23/02/2024 15:53
Tonalá, Jalisco,30C,30,23/02/2024 15:53
Ciudad de México, Ciudad de México,27C,28,23/02/2024 15:54
Guadalajara, Jalisco,30C,33,23/02/2024 15:54
Monterrey, Nuevo León,24C,23,23/02/2024 15:54
Zapopan, Jalisco,30C,33,23/02/2024 15:54
Tlaquepaque, Jalisco,30C,30,23/02/2024 15:54
Tonalá, Jalisco,30C,30,23/02/2024 15:54
Ciudad de México, Ciudad de México,27C,28,23/02/2024 15:55
Guadalajara, Jalisco,30C,33,23/02/2024 15:55
Monterrey, Nuevo León,24C,23,23/02/2024 15:55
Zapopan, Jalisco,30C,33,23/02/2024 15:55
Tlaquepaque, Jalisco,30C,30,23/02/2024 15:55
Tonalá, Jalisco,30C,30,23/02/2024 15:55
Ciudad de México, Ciudad de México,27C,28,23/02/2024 15:57
Guadalajara, Jalisco,30C,33,23/02/2024 15:57
Monterrey, Nuevo León,24C,23,23/02/2024 15:57
Zapopan, Jalisco,30C,33,23/02/2024 15:57
Tlaquepaque, Jalisco,30C,30,23/02/2024 15:57
Tonalá, Jalisco,30C,30,23/02/2024 15:57
Ciudad de México, Ciudad de México,27C,28,23/02/2024 15:58
Guadalajara, Jalisco,30C,33,23/02/2024 15:58
Monterrey, Nuevo León,24C,23,23/02/2024 15:58
Zapopan, Jalisco,30C,33,23/02/2024 15:58
Tlaquepaque, Jalisco,30C,30,23/02/2024 15:58
Tonalá, Jalisco,30C,30,23/02/2024 15:58
Ciudad de México, Ciudad de México,27C,28,23/02/2024 16:00
Guadalajara, Jalisco,30C,33,23/02/2024 16:00
Monterrey, Nuevo León,24C,23,23/02/2024 16:00
Zapopan, Jalisco,30C,33,23/02/2024 16:00
Tlaquepaque, Jalisco,30C,30,23/02/2024 16:00
Tonalá, Jalisco,30C,31,23/02/2024 16:00
Ciudad de México, Ciudad de México,27C,28,23/02/2024 16:01
Guadalajara, Jalisco,30C,33,23/02/2024 16:01
Monterrey, Nuevo León,24C,23,23/02/2024 16:01
Zapopan, Jalisco,30C,33,23/02/2024 16:01
Tlaquepaque, Jalisco,30C,31,23/02/2024 16:01
Tonalá, Jalisco,30C,31,23/02/2024 16:01
Ciudad de México, Ciudad de México,28C,28,23/02/2024 16:43
Guadalajara, Jalisco,30C,31,23/02/2024 16:43
Monterrey, Nuevo León,25C,24,23/02/2024 16:43
Zapopan, Jalisco,30C,31,23/02/2024 16:43
Tlaquepaque, Jalisco,31C,31,23/02/2024 16:43
Tonalá, Jalisco,31C,30,23/02/2024 16:43
Ciudad de México, Ciudad de México,28C,28,23/02/2024 16:44
Guadalajara, Jalisco,30C,31,23/02/2024 16:44
Monterrey, Nuevo León,25C,24,23/02/2024 16:44
Zapopan, Jalisco,30C,31,23/02/2024 16:44
Tlaquepaque, Jalisco,31C,30,23/02/2024 16:44
Tonalá, Jalisco,31C,30,23/02/2024 16:45
Ciudad de México, Ciudad de México,28C,28,23/02/2024 16:46
Guadalajara, Jalisco,30C,31,23/02/2024 16:46
Monterrey, Nuevo León,25C,24,23/02/2024 16:46
Zapopan, Jalisco,30C,31,23/02/2024 16:46
Tlaquepaque, Jalisco,31C,30,23/02/2024 16:46
Tonalá, Jalisco,31C,30,23/02/2024 16:46
Ciudad de México, Ciudad de México,28C,28,23/02/2024 16:47
Guadalajara, Jalisco,30C,31,23/02/2024 16:47
Monterrey, Nuevo León,25C,24,23/02/2024 16:47
Zapopan, Jalisco,30C,31,23/02/2024 16:47
Tlaquepaque, Jalisco,31C,30,23/02/2024 16:47
Tonalá, Jalisco,31C,30,23/02/2024 16:47
Ciudad de México, Ciudad de México,28C,28,23/02/2024 16:49
Guadalajara, Jalisco,30C,31,23/02/2024 16:49
Monterrey, Nuevo León,25C,24,23/02/2024 16:49
Zapopan, Jalisco,30C,31,23/02/2024 16:49
Tlaquepaque, Jalisco,31C,30,23/02/2024 16:49
Tonalá, Jalisco,31C,30,23/02/2024 16:49
Ciudad de México, Ciudad de México,28C,28,23/02/2024 16:50
Guadalajara, Jalisco,30C,31,23/02/2024 16:50
Monterrey, Nuevo León,25C,24,23/02/2024 16:50
Zapopan, Jalisco,30C,31,23/02/2024 16:50
Tlaquepaque, Jalisco,31C,30,23/02/2024 16:50
Tonalá, Jalisco,31C,30,23/02/2024 16:50
Ciudad de México, Ciudad de México,28C,28,23/02/2024 16:52
Guadalajara, Jalisco,30C,31,23/02/2024 16:52
Monterrey, Nuevo León,25C,24,23/02/2024 16:52
Zapopan, Jalisco,30C,31,23/02/2024 16:52
Tlaquepaque, Jalisco,31C,30,23/02/2024 16:52
Tonalá, Jalisco,31C,30,23/02/2024 16:52
Ciudad de México, Ciudad de México,28C,28,23/02/2024 16:53
Guadalajara, Jalisco,30C,31,23/02/2024 16:53
Monterrey, Nuevo León,25C,24,23/02/2024 16:53
Zapopan, Jalisco,30C,31,23/02/2024 16:53
Tlaquepaque, Jalisco,31C,30,23/02/2024 16:53
Tonalá, Jalisco,31C,30,23/02/2024 16:54
Ciudad de México, Ciudad de México,28C,28,23/02/2024 16:55
Guadalajara, Jalisco,30C,31,23/02/2024 16:55
Monterrey, Nuevo León,25C,24,23/02/2024 16:55
Zapopan, Jalisco,30C,31,23/02/2024 16:55
Tlaquepaque, Jalisco,31C,30,23/02/2024 16:55
Tonalá, Jalisco,31C,30,23/02/2024 16:55
Ciudad de México, Ciudad de México,28C,28,23/02/2024 16:56
Guadalajara, Jalisco,30C,31,23/02/2024 16:56
Monterrey, Nuevo León,25C,24,23/02/2024 16:56
Zapopan, Jalisco,30C,31,23/02/2024 16:57
Tlaquepaque, Jalisco,31C,30,23/02/2024 16:57
Tonalá, Jalisco,31C,30,23/02/2024 16:57
Ciudad de México, Ciudad de México,28C,28,23/02/2024 16:58
Guadalajara, Jalisco,30C,31,23/02/2024 16:58
Monterrey, Nuevo León,25C,24,23/02/2024 16:58
Zapopan, Jalisco,30C,31,23/02/2024 16:58
Tlaquepaque, Jalisco,31C,30,23/02/2024 16:58
Tonalá, Jalisco,31C,30,23/02/2024 16:58
Ciudad de México, Ciudad de México,28C,28,23/02/2024 16:59
Guadalajara, Jalisco,30C,31,23/02/2024 17:00
Monterrey, Nuevo León,25C,24,23/02/2024 17:00
Zapopan, Jalisco,30C,31,23/02/2024 17:00
Tlaquepaque, Jalisco,31C,30,23/02/2024 17:00
Tonalá, Jalisco,31C,30,23/02/2024 17:00
Ciudad de México, Ciudad de México,28C,28,23/02/2024 17:01
Guadalajara, Jalisco,30C,31,23/02/2024 17:01
Monterrey, Nuevo León,25C,24,23/02/2024 17:01
Zapopan, Jalisco,30C,31,23/02/2024 17:01
Tlaquepaque, Jalisco,31C,31,23/02/2024 17:01
Tonalá, Jalisco,31C,31,23/02/2024 17:01
Ciudad de México, Ciudad de México,28C,28,23/02/2024 17:02
Guadalajara, Jalisco,30C,31,23/02/2024 17:02
Monterrey, Nuevo León,25C,24,23/02/2024 17:02
Zapopan, Jalisco,30C,31,23/02/2024 17:03
Tlaquepaque, Jalisco,31C,31,23/02/2024 17:03
Tonalá, Jalisco,31C,31,23/02/2024 17:03
Ciudad de México, Ciudad de México,28C,28,23/02/2024 17:04
Guadalajara, Jalisco,30C,31,23/02/2024 17:04
Monterrey, Nuevo León,25C,24,23/02/2024 17:04
Zapopan, Jalisco,30C,31,23/02/2024 17:04
Tlaquepaque, Jalisco,31C,31,23/02/2024 17:04
Tonalá, Jalisco,31C,31,23/02/2024 17:04
Ciudad de México, Ciudad de México,28C,28,23/02/2024 17:05
Guadalajara, Jalisco,30C,31,23/02/2024 17:05
Monterrey, Nuevo León,25C,24,23/02/2024 17:05
Zapopan, Jalisco,30C,31,23/02/2024 17:05
Tlaquepaque, Jalisco,31C,31,23/02/2024 17:05
Tonalá, Jalisco,31C,31,23/02/2024 17:06
Ciudad de México, Ciudad de México,28C,28,23/02/2024 17:07
Guadalajara, Jalisco,30C,31,23/02/2024 17:07
Monterrey, Nuevo León,25C,24,23/02/2024 17:07
Zapopan, Jalisco,30C,31,23/02/2024 17:07
Tlaquepaque, Jalisco,31C,31,23/02/2024 17:07
Tonalá, Jalisco,31C,31,23/02/2024 17:07
Ciudad de México, Ciudad de México,28C,28,23/02/2024 17:08
Guadalajara, Jalisco,30C,31,23/02/2024 17:08
Monterrey, Nuevo León,25C,24,23/02/2024 17:08
Zapopan, Jalisco,30C,31,23/02/2024 17:08
Tlaquepaque, Jalisco,31C,31,23/02/2024 17:08
Tonalá, Jalisco,31C,31,23/02/2024 17:09
Ciudad de México, Ciudad de México,28C,28,23/02/2024 17:10
Guadalajara, Jalisco,30C,31,23/02/2024 17:10
Monterrey, Nuevo León,25C,24,23/02/2024 17:10
Zapopan, Jalisco,30C,31,23/02/2024 17:10
Tlaquepaque, Jalisco,31C,31,23/02/2024 17:10
Tonalá, Jalisco,31C,31,23/02/2024 17:10
Ciudad de México, Ciudad de México,28C,28,23/02/2024 17:11
Guadalajara, Jalisco,30C,31,23/02/2024 17:11
Monterrey, Nuevo León,25C,24,23/02/2024 17:11
Zapopan, Jalisco,30C,31,23/02/2024 17:11
Tlaquepaque, Jalisco,31C,31,23/02/2024 17:11
Tonalá, Jalisco,31C,31,23/02/2024 17:12
Ciudad de México, Ciudad de México,28C,28,23/02/2024 17:13
Guadalajara, Jalisco,30C,31,23/02/2024 17:13
Monterrey, Nuevo León,25C,24,23/02/2024 17:13
Zapopan, Jalisco,30C,31,23/02/2024 17:13
Tlaquepaque, Jalisco,31C,31,23/02/2024 17:13
Tonalá, Jalisco,31C,31,23/02/2024 17:13
Ciudad de México, Ciudad de México,28C,28,23/02/2024 17:14
Guadalajara, Jalisco,29C,29,23/02/2024 17:14
Monterrey, Nuevo León,25C,24,23/02/2024 17:14
Zapopan, Jalisco,30C,31,23/02/2024 17:14
Tlaquepaque, Jalisco,31C,31,23/02/2024 17:14
Tonalá, Jalisco,31C,31,23/02/2024 17:14
Ciudad de México, Ciudad de México,28C,28,23/02/2024 17:16
Guadalajara, Jalisco,29C,29,23/02/2024 17:16
Monterrey, Nuevo León,25C,23,23/02/2024 17:16
Zapopan, Jalisco,31C,31,23/02/2024 17:16
Tlaquepaque, Jalisco,31C,31,23/02/2024 17:16
Tonalá, Jalisco,31C,31,23/02/2024 17:16
Ciudad de México, Ciudad de México,28C,28,23/02/2024 17:17
Guadalajara, Jalisco,29C,29,23/02/2024 17:17
Monterrey, Nuevo León,25C,23,23/02/2024 17:17
Zapopan, Jalisco,31C,31,23/02/2024 17:17
Tlaquepaque, Jalisco,31C,31,23/02/2024 17:17
Tonalá, Jalisco,30C,29,23/02/2024 17:17
Ciudad de México, Ciudad de México,28C,28,23/02/2024 17:18
Guadalajara, Jalisco,29C,29,23/02/2024 17:19
Monterrey, Nuevo León,25C,23,23/02/2024 17:19
Zapopan, Jalisco,31C,31,23/02/2024 17:19
Tlaquepaque, Jalisco,30C,29,23/02/2024 17:19
Tonalá, Jalisco,30C,29,23/02/2024 17:19
Ciudad de México, Ciudad de México,28C,28,23/02/2024 17:20
Guadalajara, Jalisco,29C,29,23/02/2024 17:20
Monterrey, Nuevo León,25C,23,23/02/2024 17:20
Zapopan, Jalisco,31C,31,23/02/2024 17:20
Tlaquepaque, Jalisco,30C,29,23/02/2024 17:20
Tonalá, Jalisco,30C,29,23/02/2024 17:20
Ciudad de México, Ciudad de México,28C,28,23/02/2024 17:21
Guadalajara, Jalisco,29C,29,23/02/2024 17:22
Monterrey, Nuevo León,25C,23,23/02/2024 17:22
Zapopan, Jalisco,31C,31,23/02/2024 17:22
Tlaquepaque, Jalisco,30C,29,23/02/2024 17:22
Tonalá, Jalisco,30C,29,23/02/2024 17:22
Ciudad de México, Ciudad de México,28C,28,23/02/2024 17:23
Guadalajara, Jalisco,31C,31,23/02/2024 17:24
Monterrey, Nuevo León,25C,23,23/02/2024 17:24
Zapopan, Jalisco,31C,31,23/02/2024 17:24
Tlaquepaque, Jalisco,30C,29,23/02/2024 17:24
Tonalá, Jalisco,30C,29,23/02/2024 17:24
Ciudad de México, Ciudad de México,28C,28,23/02/2024 17:25
Guadalajara, Jalisco,31C,31,23/02/2024 17:25
Monterrey, Nuevo León,25C,23,23/02/2024 17:25
Zapopan, Jalisco,31C,31,23/02/2024 17:25
Tlaquepaque, Jalisco,30C,29,23/02/2024 17:25
Tonalá, Jalisco,30C,29,23/02/2024 17:26
Ciudad de México, Ciudad de México,28C,28,23/02/2024 17:27
Guadalajara, Jalisco,31C,31,23/02/2024 17:27
Monterrey, Nuevo León,25C,23,23/02/2024 17:27
Zapopan, Jalisco,31C,31,23/02/2024 17:27
Tlaquepaque, Jalisco,30C,29,23/02/2024 17:27
Tonalá, Jalisco,30C,29,23/02/2024 17:27
Ciudad de México, Ciudad de México,28C,28,2024-02-23 17:47:45
Guadalajara, Jalisco,31C,31,2024-02-23 17:47:49
Monterrey, Nuevo León,25C,23,2024-02-23 17:47:53
Zapopan, Jalisco,31C,31,2024-02-23 17:47:56
Tlaquepaque, Jalisco,30C,28,2024-02-23 17:48:01
Tonalá, Jalisco,30C,28,2024-02-23 17:48:12
Ciudad de México, Ciudad de México,28C,28,2024-02-23 17:52:50
Guadalajara, Jalisco,31C,31,2024-02-23 17:52:55
Monterrey, Nuevo León,25C,23,2024-02-23 17:52:58
Zapopan, Jalisco,31C,31,2024-02-23 17:53:01
Tlaquepaque, Jalisco,30C,28,2024-02-23 17:53:04
Tonalá, Jalisco,30C,28,2024-02-23 17:53:07
Ciudad de México, Ciudad de México,28C,28,2024-02-23 17:53:47
Guadalajara, Jalisco,31C,31,2024-02-23 17:53:51
Monterrey, Nuevo León,25C,23,2024-02-23 17:53:54
Zapopan, Jalisco,31C,31,2024-02-23 17:53:58
Tlaquepaque, Jalisco,30C,28,2024-02-23 17:54:01
Tonalá, Jalisco,30C,28,2024-02-23 17:54:05
Ciudad de México, Ciudad de México,28C,28,2024-02-23 17:55:16
Guadalajara, Jalisco,31C,31,2024-02-23 17:55:20
Monterrey, Nuevo León,25C,23,2024-02-23 17:55:23
Zapopan, Jalisco,31C,31,2024-02-23 17:55:27
Tlaquepaque, Jalisco,30C,28,2024-02-23 17:55:30
Tonalá, Jalisco,30C,28,2024-02-23 17:55:33
Ciudad de México, Ciudad de México,28C,28,2024-02-23 17:56:43
Guadalajara, Jalisco,31C,31,2024-02-23 17:56:47
Monterrey, Nuevo León,25C,23,2024-02-23 17:56:50
Zapopan, Jalisco,31C,31,2024-02-23 17:56:54
Tlaquepaque, Jalisco,30C,28,2024-02-23 17:56:57
Tonalá, Jalisco,30C,28,2024-02-23 17:57:01
Ciudad de México, Ciudad de México,28C,28,2024-02-23 17:58:13
Guadalajara, Jalisco,31C,31,2024-02-23 17:58:17
Monterrey, Nuevo León,25C,23,2024-02-23 17:58:21
Zapopan, Jalisco,31C,31,2024-02-23 17:58:24
Tlaquepaque, Jalisco,30C,28,2024-02-23 17:58:28
Tonalá, Jalisco,30C,28,2024-02-23 17:58:31
Ciudad de México, Ciudad de México,28C,28,2024-02-23 17:59:44
Guadalajara, Jalisco,31C,31,2024-02-23 17:59:47
Monterrey, Nuevo León,25C,23,2024-02-23 17:59:51
Zapopan, Jalisco,31C,31,2024-02-23 17:59:55
Tlaquepaque, Jalisco,30C,28,2024-02-23 17:59:58
Tonalá, Jalisco,30C,28,2024-02-23 18:00:02
Ciudad de México, Ciudad de México,28C,28,2024-02-23 18:01:14
Guadalajara, Jalisco,31C,31,2024-02-23 18:01:18
Monterrey, Nuevo León,25C,23,2024-02-23 18:01:22
Zapopan, Jalisco,31C,31,2024-02-23 18:01:25
Tlaquepaque, Jalisco,30C,28,2024-02-23 18:01:29
Tonalá, Jalisco,30C,28,2024-02-23 18:01:33
Ciudad de México, Ciudad de México,28C,28,2024-02-23 18:02:48
Guadalajara, Jalisco,31C,31,2024-02-23 18:02:52
Monterrey, Nuevo León,25C,23,2024-02-23 18:02:56
Zapopan, Jalisco,31C,31,2024-02-23 18:02:59
Tlaquepaque, Jalisco,30C,28,2024-02-23 18:03:04
Tonalá, Jalisco,30C,28,2024-02-23 18:03:07
Ciudad de México, Ciudad de México,28C,28,2024-02-23 18:04:20
Guadalajara, Jalisco,31C,31,2024-02-23 18:04:24
Monterrey, Nuevo León,25C,23,2024-02-23 18:04:28
Zapopan, Jalisco,31C,31,2024-02-23 18:04:32
Tlaquepaque, Jalisco,30C,28,2024-02-23 18:04:36
Tonalá, Jalisco,30C,28,2024-02-23 18:04:39
Ciudad de México, Ciudad de México,28C,28,2024-02-23 18:05:51
Guadalajara, Jalisco,31C,31,2024-02-23 18:05:55
Monterrey, Nuevo León,25C,23,2024-02-23 18:05:59
Zapopan, Jalisco,31C,31,2024-02-23 18:06:03
Tlaquepaque, Jalisco,30C,28,2024-02-23 18:06:06
Tonalá, Jalisco,30C,29,2024-02-23 18:06:10
Ciudad de México, Ciudad de México,28C,28,2024-02-23 18:07:22
Guadalajara, Jalisco,31C,31,2024-02-23 18:07:26
Monterrey, Nuevo León,25C,23,2024-02-23 18:07:30
Zapopan, Jalisco,31C,31,2024-02-23 18:07:34
Tlaquepaque, Jalisco,30C,29,2024-02-23 18:07:38
Tonalá, Jalisco,30C,29,2024-02-23 18:07:42
Ciudad de México, Ciudad de México,28C,28,2024-02-23 18:08:56
Guadalajara, Jalisco,31C,31,2024-02-23 18:09:00
Monterrey, Nuevo León,25C,23,2024-02-23 18:09:03
Zapopan, Jalisco,31C,31,2024-02-23 18:09:07
Tlaquepaque, Jalisco,30C,29,2024-02-23 18:09:11
Tonalá, Jalisco,30C,29,2024-02-23 18:09:14
Ciudad de México, Ciudad de México,28C,28,2024-02-23 18:10:30
Guadalajara, Jalisco,31C,31,2024-02-23 18:10:34
Monterrey, Nuevo León,25C,23,2024-02-23 18:10:38
Zapopan, Jalisco,31C,31,2024-02-23 18:10:42
Tlaquepaque, Jalisco,30C,29,2024-02-23 18:10:46
Tonalá, Jalisco,30C,29,2024-02-23 18:10:49
Ciudad de México, Ciudad de México,28C,28,2024-02-23 18:12:01
Guadalajara, Jalisco,31C,31,2024-02-23 18:12:05
Monterrey, Nuevo León,25C,23,2024-02-23 18:12:10
Zapopan, Jalisco,31C,31,2024-02-23 18:12:13
Tlaquepaque, Jalisco,30C,29,2024-02-23 18:12:17
Tonalá, Jalisco,30C,29,2024-02-23 18:12:21
Ciudad de México, Ciudad de México,28C,28,2024-02-23 18:13:34
Guadalajara, Jalisco,29C,28,2024-02-23 18:13:38
Monterrey, Nuevo León,25C,23,2024-02-23 18:13:43
Zapopan, Jalisco,31C,31,2024-02-23 18:13:47
Tlaquepaque, Jalisco,30C,29,2024-02-23 18:13:50
Tonalá, Jalisco,30C,29,2024-02-23 18:13:54
Ciudad de México, Ciudad de México,28C,28,2024-02-23 18:15:09
Guadalajara, Jalisco,29C,28,2024-02-23 18:15:14
Monterrey, Nuevo León,27C,26,2024-02-23 18:15:18
Zapopan, Jalisco,29C,28,2024-02-23 18:15:22
Tlaquepaque, Jalisco,28C,26,2024-02-23 18:15:26
Tonalá, Jalisco,28C,26,2024-02-23 18:15:30
Ciudad de México, Ciudad de México,28C,28,2024-02-23 18:16:43
Guadalajara, Jalisco,29C,28,2024-02-23 18:16:47
Monterrey, Nuevo León,27C,26,2024-02-23 18:16:50
Zapopan, Jalisco,29C,28,2024-02-23 18:16:54
Tlaquepaque, Jalisco,28C,26,2024-02-23 18:16:58
Tonalá, Jalisco,28C,26,2024-02-23 18:17:01
Ciudad de México, Ciudad de México,28C,28,2024-02-23 18:18:13
Guadalajara, Jalisco,29C,28,2024-02-23 18:18:17
Monterrey, Nuevo León,27C,26,2024-02-23 18:18:21
Zapopan, Jalisco,29C,28,2024-02-23 18:18:24
Tlaquepaque, Jalisco,28C,26,2024-02-23 18:18:28
Tonalá, Jalisco,28C,26,2024-02-23 18:18:32
Ciudad de México, Ciudad de México,27C,26,2024-02-23 18:19:44
Guadalajara, Jalisco,29C,28,2024-02-23 18:19:48
Monterrey, Nuevo León,27C,26,2024-02-23 18:19:52
Zapopan, Jalisco,29C,28,2024-02-23 18:19:55
Tlaquepaque, Jalisco,28C,26,2024-02-23 18:19:59
Tonalá, Jalisco,28C,26,2024-02-23 18:20:03
Ciudad de México, Ciudad de México,27C,26,2024-02-23 18:21:14
Guadalajara, Jalisco,29C,28,2024-02-23 18:21:19
Monterrey, Nuevo León,27C,26,2024-02-23 18:21:22
Zapopan, Jalisco,29C,28,2024-02-23 18:21:26
Tlaquepaque, Jalisco,28C,26,2024-02-23 18:21:30
Tonalá, Jalisco,28C,26,2024-02-23 18:21:33
Ciudad de México, Ciudad de México,27C,26,2024-02-23 18:22:45
Guadalajara, Jalisco,29C,28,2024-02-23 18:22:49
Monterrey, Nuevo León,27C,26,2024-02-23 18:22:53
Zapopan, Jalisco,29C,28,2024-02-23 18:22:57
Tlaquepaque, Jalisco,28C,26,2024-02-23 18:23:00
Tonalá, Jalisco,28C,26,2024-02-23 18:23:04
Ciudad de México, Ciudad de México,27C,26,2024-02-23 18:24:17
Guadalajara, Jalisco,29C,28,2024-02-23 18:24:20
Monterrey, Nuevo León,27C,26,2024-02-23 18:24:24
Zapopan, Jalisco,29C,28,2024-02-23 18:24:28
Tlaquepaque, Jalisco,28C,26,2024-02-23 18:24:31
Tonalá, Jalisco,28C,26,2024-02-23 18:24:35
Ciudad de México, Ciudad de México,27C,26,2024-02-23 18:25:47
Guadalajara, Jalisco,29C,28,2024-02-23 18:25:51
Monterrey, Nuevo León,27C,26,2024-02-23 18:25:55
Zapopan, Jalisco,29C,28,2024-02-23 18:25:59
Tlaquepaque, Jalisco,28C,26,2024-02-23 18:26:03
Tonalá, Jalisco,28C,26,2024-02-23 18:26:06
Ciudad de México, Ciudad de México,27C,26,2024-02-23 18:27:19
Guadalajara, Jalisco,29C,28,2024-02-23 18:27:23
Monterrey, Nuevo León,27C,26,2024-02-23 18:27:27
Zapopan, Jalisco,29C,28,2024-02-23 18:27:32
Tlaquepaque, Jalisco,28C,26,2024-02-23 18:27:35
Tonalá, Jalisco,28C,26,2024-02-23 18:27:39
Ciudad de México, Ciudad de México,27C,26,2024-02-23 18:28:51
Guadalajara, Jalisco,29C,28,2024-02-23 18:28:55
Monterrey, Nuevo León,27C,26,2024-02-23 18:28:59
Zapopan, Jalisco,29C,28,2024-02-23 18:29:03
Tlaquepaque, Jalisco,28C,26,2024-02-23 18:29:07
Tonalá, Jalisco,28C,26,2024-02-23 18:29:10
Ciudad de México, Ciudad de México,27C,26,2024-02-23 18:30:23
Guadalajara, Jalisco,29C,28,2024-02-23 18:30:26
Monterrey, Nuevo León,27C,26,2024-02-23 18:30:30
Zapopan, Jalisco,29C,28,2024-02-23 18:30:34
Tlaquepaque, Jalisco,28C,26,2024-02-23 18:30:38
Tonalá, Jalisco,28C,26,2024-02-23 18:30:42
Ciudad de México, Ciudad de México,27C,26,2024-02-23 18:31:54
Guadalajara, Jalisco,29C,28,2024-02-23 18:31:59
Monterrey, Nuevo León,27C,26,2024-02-23 18:32:03
Zapopan, Jalisco,29C,28,2024-02-23 18:32:06
Tlaquepaque, Jalisco,28C,26,2024-02-23 18:32:10
Tonalá, Jalisco,28C,26,2024-02-23 18:32:14
Ciudad de México, Ciudad de México,27C,26,2024-02-23 18:33:26
Guadalajara, Jalisco,29C,28,2024-02-23 18:33:30
Monterrey, Nuevo León,27C,26,2024-02-23 18:33:33
Zapopan, Jalisco,29C,28,2024-02-23 18:33:38
Tlaquepaque, Jalisco,28C,26,2024-02-23 18:33:42
Tonalá, Jalisco,28C,26,2024-02-23 18:33:46
Ciudad de México, Ciudad de México,27C,26,2024-02-23 18:34:58
Guadalajara, Jalisco,29C,28,2024-02-23 18:35:02
Monterrey, Nuevo León,27C,26,2024-02-23 18:35:06
Zapopan, Jalisco,29C,28,2024-02-23 18:35:10
Tlaquepaque, Jalisco,28C,26,2024-02-23 18:35:13
Tonalá, Jalisco,28C,26,2024-02-23 18:35:17
Ciudad de México, Ciudad de México,27C,26,2024-02-23 18:36:29
Guadalajara, Jalisco,29C,28,2024-02-23 18:36:33
Monterrey, Nuevo León,27C,26,2024-02-23 18:36:37
Zapopan, Jalisco,29C,28,2024-02-23 18:36:41
Tlaquepaque, Jalisco,28C,26,2024-02-23 18:36:45
Tonalá, Jalisco,28C,26,2024-02-23 18:36:48
Ciudad de México, Ciudad de México,27C,26,2024-02-23 18:38:02
Guadalajara, Jalisco,29C,28,2024-02-23 18:38:06
Monterrey, Nuevo León,27C,26,2024-02-23 18:38:10
Zapopan, Jalisco,29C,28,2024-02-23 18:38:14
Tlaquepaque, Jalisco,28C,26,2024-02-23 18:38:18
Tonalá, Jalisco,28C,26,2024-02-23 18:38:21
Ciudad de México, Ciudad de México,27C,26,2024-02-23 18:39:35
Guadalajara, Jalisco,29C,28,2024-02-23 18:39:39
Monterrey, Nuevo León,27C,26,2024-02-23 18:39:43
Zapopan, Jalisco,29C,28,2024-02-23 18:39:46
Tlaquepaque, Jalisco,28C,26,2024-02-23 18:39:50
Tonalá, Jalisco,28C,26,2024-02-23 18:39:53
Ciudad de México, Ciudad de México,27C,26,2024-02-23 18:41:04
Guadalajara, Jalisco,29C,28,2024-02-23 18:41:07
Monterrey, Nuevo León,27C,26,2024-02-23 18:41:11
Zapopan, Jalisco,29C,28,2024-02-23 18:41:14
Tlaquepaque, Jalisco,28C,26,2024-02-23 18:41:17
Tonalá, Jalisco,28C,26,2024-02-23 18:41:20
Ciudad de México, Ciudad de México,27C,26,2024-02-23 18:42:30
Guadalajara, Jalisco,29C,28,2024-02-23 18:42:33
Monterrey, Nuevo León,27C,26,2024-02-23 18:42:36
Zapopan, Jalisco,29C,28,2024-02-23 18:42:40
Tlaquepaque, Jalisco,28C,26,2024-02-23 18:42:43
Tonalá, Jalisco,28C,26,2024-02-23 18:42:47
Ciudad de México, Ciudad de México,27C,26,2024-02-23 18:43:59
Guadalajara, Jalisco,29C,28,2024-02-23 18:44:03
Monterrey, Nuevo León,27C,26,2024-02-23 18:44:07
Zapopan, Jalisco,29C,28,2024-02-23 18:44:11
Tlaquepaque, Jalisco,28C,26,2024-02-23 18:44:14
Tonalá, Jalisco,28C,26,2024-02-23 18:44:18
Ciudad de México, Ciudad de México,27C,26,2024-02-23 19:08:30
Guadalajara, Jalisco,29C,28,2024-02-23 19:08:37
Monterrey, Nuevo León,27C,26,2024-02-23 19:08:41
Zapopan, Jalisco,29C,28,2024-02-23 19:08:45
Tlaquepaque, Jalisco,28C,26,2024-02-23 19:08:49
Tonalá, Jalisco,28C,26,2024-02-23 19:08:53
Ciudad de México, Ciudad de México,27C,26,2024-02-23 19:09:30
Guadalajara, Jalisco,29C,28,2024-02-23 19:09:34
Monterrey, Nuevo León,27C,26,2024-02-23 19:09:38
Zapopan, Jalisco,29C,28,2024-02-23 19:09:42
Tlaquepaque, Jalisco,28C,26,2024-02-23 19:09:46
Tonalá, Jalisco,28C,26,2024-02-23 19:09:49
Ciudad de México, Ciudad de México,27C,26,2024-02-23 19:11:02
Guadalajara, Jalisco,29C,28,2024-02-23 19:11:06
Monterrey, Nuevo León,27C,26,2024-02-23 19:11:10
Zapopan, Jalisco,29C,28,2024-02-23 19:11:14
Tlaquepaque, Jalisco,28C,26,2024-02-23 19:11:17
Tonalá, Jalisco,28C,26,2024-02-23 19:11:21
Ciudad de México, Ciudad de México,27C,26,2024-02-23 19:12:33
Guadalajara, Jalisco,29C,28,2024-02-23 19:12:37
Monterrey, Nuevo León,27C,26,2024-02-23 19:12:41
Zapopan, Jalisco,29C,28,2024-02-23 19:12:44
Tlaquepaque, Jalisco,28C,26,2024-02-23 19:12:48
Tonalá, Jalisco,28C,26,2024-02-23 19:12:51
Ciudad de México, Ciudad de México,27C,26,2024-02-23 19:14:02
Guadalajara, Jalisco,26C,25,2024-02-23 19:14:06
Monterrey, Nuevo León,22C,21,2024-02-23 19:14:10
Zapopan, Jalisco,26C,25,2024-02-23 19:14:14
Tlaquepaque, Jalisco,25C,24,2024-02-23 19:14:17
Tonalá, Jalisco,25C,24,2024-02-23 19:14:21
Ciudad de México, Ciudad de México,23C,21,2024-02-23 19:15:33
Guadalajara, Jalisco,26C,25,2024-02-23 19:15:37
Monterrey, Nuevo León,22C,21,2024-02-23 19:15:41
Zapopan, Jalisco,26C,25,2024-02-23 19:15:45
Tlaquepaque, Jalisco,25C,24,2024-02-23 19:15:49
Tonalá, Jalisco,25C,24,2024-02-23 19:15:52
Ciudad de México, Ciudad de México,23C,21,2024-02-23 19:17:05
Guadalajara, Jalisco,26C,25,2024-02-23 19:17:09
Monterrey, Nuevo León,22C,21,2024-02-23 19:17:12
Zapopan, Jalisco,26C,25,2024-02-23 19:17:16
Tlaquepaque, Jalisco,25C,24,2024-02-23 19:17:20
Tonalá, Jalisco,25C,24,2024-02-23 19:17:23
Ciudad de México, Ciudad de México,23C,21,2024-02-23 19:18:34
Guadalajara, Jalisco,26C,25,2024-02-23 19:18:37
Monterrey, Nuevo León,22C,21,2024-02-23 19:18:41
Zapopan, Jalisco,26C,25,2024-02-23 19:18:45
Tlaquepaque, Jalisco,25C,24,2024-02-23 19:18:49
Tonalá, Jalisco,25C,24,2024-02-23 19:18:53
Ciudad de México, Ciudad de México,23C,21,2024-02-23 19:20:03
Guadalajara, Jalisco,26C,25,2024-02-23 19:20:07
Monterrey, Nuevo León,22C,21,2024-02-23 19:20:10
Zapopan, Jalisco,26C,25,2024-02-23 19:20:13
Tlaquepaque, Jalisco,25C,24,2024-02-23 19:20:17
Tonalá, Jalisco,25C,24,2024-02-23 19:20:20
Ciudad de México, Ciudad de México,23C,21,2024-02-23 19:21:30
Guadalajara, Jalisco,26C,25,2024-02-23 19:21:34
Monterrey, Nuevo León,22C,21,2024-02-23 19:21:38
Zapopan, Jalisco,26C,25,2024-02-23 19:21:41
Tlaquepaque, Jalisco,25C,24,2024-02-23 19:21:44
Tonalá, Jalisco,25C,24,2024-02-23 19:21:48
Ciudad de México, Ciudad de México,23C,21,2024-02-23 19:22:59
Guadalajara, Jalisco,26C,25,2024-02-23 19:23:03
Monterrey, Nuevo León,22C,21,2024-02-23 19:23:07
Zapopan, Jalisco,26C,25,2024-02-23 19:23:10
Tlaquepaque, Jalisco,25C,24,2024-02-23 19:23:14
Tonalá, Jalisco,25C,24,2024-02-23 19:23:17
Ciudad de México, Ciudad de México,23C,21,2024-02-23 19:24:30
Guadalajara, Jalisco,26C,25,2024-02-23 19:24:34
Monterrey, Nuevo León,22C,21,2024-02-23 19:24:38
Zapopan, Jalisco,26C,25,2024-02-23 19:24:42
Tlaquepaque, Jalisco,25C,24,2024-02-23 19:24:45
Tonalá, Jalisco,25C,24,2024-02-23 19:24:49
Ciudad de México, Ciudad de México,23C,21,2024-02-23 19:26:03
Guadalajara, Jalisco,26C,25,2024-02-23 19:26:07
Monterrey, Nuevo León,22C,21,2024-02-23 19:26:10
Zapopan, Jalisco,26C,25,2024-02-23 19:26:13
Tlaquepaque, Jalisco,25C,24,2024-02-23 19:26:16
Tonalá, Jalisco,25C,24,2024-02-23 19:26:20
Ciudad de México, Ciudad de México,23C,21,2024-02-23 19:27:33
Guadalajara, Jalisco,26C,25,2024-02-23 19:27:36
Monterrey, Nuevo León,22C,21,2024-02-23 19:27:39
Zapopan, Jalisco,26C,25,2024-02-23 19:27:43
Tlaquepaque, Jalisco,25C,24,2024-02-23 19:27:46
Tonalá, Jalisco,25C,24,2024-02-23 19:27:49
Ciudad de México, Ciudad de México,23C,21,2024-02-23 19:29:01
Guadalajara, Jalisco,26C,25,2024-02-23 19:29:05
Monterrey, Nuevo León,22C,21,2024-02-23 19:29:09
Zapopan, Jalisco,26C,25,2024-02-23 19:29:13
Tlaquepaque, Jalisco,25C,24,2024-02-23 19:29:16
Tonalá, Jalisco,25C,24,2024-02-23 19:29:20
Ciudad de México, Ciudad de México,23C,21,2024-02-23 19:30:32
Guadalajara, Jalisco,26C,25,2024-02-23 19:30:35
Monterrey, Nuevo León,22C,21,2024-02-23 19:30:39
Zapopan, Jalisco,26C,25,2024-02-23 19:30:42
Tlaquepaque, Jalisco,25C,24,2024-02-23 19:30:46
Tonalá, Jalisco,25C,24,2024-02-23 19:30:49
Ciudad de México, Ciudad de México,23C,21,2024-02-23 19:32:02
Guadalajara, Jalisco,26C,25,2024-02-23 19:32:06
Monterrey, Nuevo León,22C,21,2024-02-23 19:32:11
Zapopan, Jalisco,26C,25,2024-02-23 19:32:15
Tlaquepaque, Jalisco,25C,24,2024-02-23 19:32:19
Tonalá, Jalisco,25C,24,2024-02-23 19:32:23
Ciudad de México, Ciudad de México,23C,21,2024-02-23 19:33:36
Guadalajara, Jalisco,26C,25,2024-02-23 19:33:41
Monterrey, Nuevo León,22C,21,2024-02-23 19:33:45
Zapopan, Jalisco,26C,25,2024-02-23 19:33:49
Tlaquepaque, Jalisco,25C,24,2024-02-23 19:33:53
Tonalá, Jalisco,25C,24,2024-02-23 19:33:57
Ciudad de México, Ciudad de México,23C,21,2024-02-23 19:35:12
Guadalajara, Jalisco,26C,25,2024-02-23 19:35:16
Monterrey, Nuevo León,22C,21,2024-02-23 19:35:20
Zapopan, Jalisco,26C,25,2024-02-23 19:35:25
Tlaquepaque, Jalisco,25C,24,2024-02-23 19:35:29
Tonalá, Jalisco,25C,24,2024-02-23 19:35:33
Ciudad de México, Ciudad de México,23C,21,2024-02-23 19:36:46
Guadalajara, Jalisco,26C,25,2024-02-23 19:36:50
Monterrey, Nuevo León,22C,21,2024-02-23 19:36:54
Zapopan, Jalisco,26C,25,2024-02-23 19:36:58
Tlaquepaque, Jalisco,25C,24,2024-02-23 19:37:02
Tonalá, Jalisco,25C,24,2024-02-23 19:37:06
Ciudad de México, Ciudad de México,23C,21,2024-02-23 19:38:18
Guadalajara, Jalisco,26C,25,2024-02-23 19:38:22
Monterrey, Nuevo León,22C,21,2024-02-23 19:38:27
Zapopan, Jalisco,26C,25,2024-02-23 19:38:30
Tlaquepaque, Jalisco,25C,24,2024-02-23 19:38:34
Tonalá, Jalisco,25C,24,2024-02-23 19:38:38
Ciudad de México, Ciudad de México,23C,21,2024-02-23 19:39:51
Guadalajara, Jalisco,26C,25,2024-02-23 19:39:55
Monterrey, Nuevo León,22C,21,2024-02-23 19:40:00
Zapopan, Jalisco,26C,25,2024-02-23 19:40:04
Tlaquepaque, Jalisco,25C,24,2024-02-23 19:40:09
Tonalá, Jalisco,25C,24,2024-02-23 19:40:13
Ciudad de México, Ciudad de México,23C,21,2024-02-23 19:41:30
Guadalajara, Jalisco,26C,25,2024-02-23 19:41:35
Monterrey, Nuevo León,22C,21,2024-02-23 19:41:39
Zapopan, Jalisco,26C,25,2024-02-23 19:41:44
Tlaquepaque, Jalisco,25C,24,2024-02-23 19:41:49
Tonalá, Jalisco,25C,24,2024-02-23 19:41:53
Ciudad de México, Ciudad de México,23C,21,2024-02-23 19:43:07
Guadalajara, Jalisco,26C,25,2024-02-23 19:43:12
Monterrey, Nuevo León,22C,21,2024-02-23 19:43:17
Zapopan, Jalisco,26C,25,2024-02-23 19:43:20
Tlaquepaque, Jalisco,25C,24,2024-02-23 19:43:24
Tonalá, Jalisco,25C,24,2024-02-23 19:43:28
Ciudad de México, Ciudad de México,23C,21,2024-02-23 19:44:43
Guadalajara, Jalisco,26C,25,2024-02-23 19:44:48
Monterrey, Nuevo León,22C,21,2024-02-23 19:44:52
Zapopan, Jalisco,26C,25,2024-02-23 19:44:57
Tlaquepaque, Jalisco,25C,24,2024-02-23 19:45:02
Tonalá, Jalisco,25C,24,2024-02-23 19:45:06
Ciudad de México, Ciudad de México,23C,21,2024-02-23 19:46:20
Guadalajara, Jalisco,26C,25,2024-02-23 19:46:24
Monterrey, Nuevo León,22C,21,2024-02-23 19:46:28
Zapopan, Jalisco,26C,25,2024-02-23 19:46:32
Tlaquepaque, Jalisco,25C,24,2024-02-23 19:46:36
Tonalá, Jalisco,25C,24,2024-02-23 19:46:40
Ciudad de México, Ciudad de México,23C,21,2024-02-23 19:47:53
Guadalajara, Jalisco,26C,25,2024-02-23 19:47:57
Monterrey, Nuevo León,22C,21,2024-02-23 19:48:02
Zapopan, Jalisco,26C,25,2024-02-23 19:48:06
Tlaquepaque, Jalisco,25C,24,2024-02-23 19:48:11
Tonalá, Jalisco,25C,24,2024-02-23 19:48:15
Ciudad de México, Ciudad de México,23C,21,2024-02-23 19:49:31
Guadalajara, Jalisco,26C,25,2024-02-23 19:49:35
Monterrey, Nuevo León,22C,21,2024-02-23 19:49:40
Zapopan, Jalisco,26C,25,2024-02-23 19:49:44
Tlaquepaque, Jalisco,25C,24,2024-02-23 19:49:48
Tonalá, Jalisco,25C,24,2024-02-23 19:49:53
Ciudad de México, Ciudad de México,23C,21,2024-02-23 19:51:06
Guadalajara, Jalisco,26C,25,2024-02-23 19:51:10
Monterrey, Nuevo León,22C,21,2024-02-23 19:51:15
Zapopan, Jalisco,26C,25,2024-02-23 19:51:19
Tlaquepaque, Jalisco,25C,24,2024-02-23 19:51:23
Tonalá, Jalisco,25C,24,2024-02-23 19:51:27
Ciudad de México, Ciudad de México,23C,21,2024-02-23 19:52:41
Guadalajara, Jalisco,26C,25,2024-02-23 19:52:45
Monterrey, Nuevo León,22C,21,2024-02-23 19:52:49
Zapopan, Jalisco,26C,25,2024-02-23 19:52:53
Tlaquepaque, Jalisco,25C,24,2024-02-23 19:52:56
Tonalá, Jalisco,25C,24,2024-02-23 19:53:00
Ciudad de México, Ciudad de México,23C,21,2024-02-23 19:54:10
Guadalajara, Jalisco,26C,25,2024-02-23 19:54:15
Monterrey, Nuevo León,22C,21,2024-02-23 19:54:18
Zapopan, Jalisco,26C,25,2024-02-23 19:54:23
Tlaquepaque, Jalisco,25C,24,2024-02-23 19:54:26
Tonalá, Jalisco,25C,24,2024-02-23 19:54:30
Ciudad de México, Ciudad de México,23C,21,2024-02-23 19:55:41
Guadalajara, Jalisco,26C,25,2024-02-23 19:55:45
Monterrey, Nuevo León,22C,21,2024-02-23 19:55:49
Zapopan, Jalisco,26C,25,2024-02-23 19:55:53
Tlaquepaque, Jalisco,25C,24,2024-02-23 19:55:57
Tonalá, Jalisco,25C,24,2024-02-23 19:56:01
Ciudad de México, Ciudad de México,23C,21,2024-02-23 19:57:14
Guadalajara, Jalisco,26C,25,2024-02-23 19:57:18
Monterrey, Nuevo León,22C,21,2024-02-23 19:57:22
Zapopan, Jalisco,26C,25,2024-02-23 19:57:27
Tlaquepaque, Jalisco,25C,24,2024-02-23 19:57:31
Tonalá, Jalisco,25C,24,2024-02-23 19:57:35
Ciudad de México, Ciudad de México,23C,21,2024-02-23 19:58:47
Guadalajara, Jalisco,26C,25,2024-02-23 19:58:51
Monterrey, Nuevo León,22C,21,2024-02-23 19:58:55
Zapopan, Jalisco,26C,25,2024-02-23 19:58:59
Tlaquepaque, Jalisco,25C,24,2024-02-23 19:59:03
Tonalá, Jalisco,25C,24,2024-02-23 19:59:07
Ciudad de México, Ciudad de México,23C,21,2024-02-23 20:00:20
Guadalajara, Jalisco,26C,25,2024-02-23 20:00:24
Monterrey, Nuevo León,22C,21,2024-02-23 20:00:29
Zapopan, Jalisco,26C,25,2024-02-23 20:00:33
Tlaquepaque, Jalisco,25C,24,2024-02-23 20:00:38
Tonalá, Jalisco,25C,24,2024-02-23 20:00:42
Ciudad de México, Ciudad de México,23C,21,2024-02-23 20:01:54
Guadalajara, Jalisco,26C,25,2024-02-23 20:01:58
Monterrey, Nuevo León,22C,21,2024-02-23 20:02:02
Zapopan, Jalisco,26C,25,2024-02-23 20:02:06
Tlaquepaque, Jalisco,25C,24,2024-02-23 20:02:10
Tonalá, Jalisco,25C,24,2024-02-23 20:02:14
Ciudad de México, Ciudad de México,23C,21,2024-02-23 20:03:24
Guadalajara, Jalisco,26C,25,2024-02-23 20:03:28
Monterrey, Nuevo León,22C,21,2024-02-23 20:03:32
Zapopan, Jalisco,26C,25,2024-02-23 20:03:36
Tlaquepaque, Jalisco,25C,24,2024-02-23 20:03:40
Tonalá, Jalisco,25C,24,2024-02-23 20:03:43
Ciudad de México, Ciudad de México,23C,21,2024-02-23 20:04:55
Guadalajara, Jalisco,26C,25,2024-02-23 20:04:59
Monterrey, Nuevo León,22C,21,2024-02-23 20:05:03
Zapopan, Jalisco,26C,25,2024-02-23 20:05:07
Tlaquepaque, Jalisco,25C,24,2024-02-23 20:05:11
Tonalá, Jalisco,25C,24,2024-02-23 20:05:15
Ciudad de México, Ciudad de México,23C,21,2024-02-23 20:06:26
Guadalajara, Jalisco,26C,25,2024-02-23 20:06:30
Monterrey, Nuevo León,22C,21,2024-02-23 20:06:34
Zapopan, Jalisco,26C,25,2024-02-23 20:06:38
Tlaquepaque, Jalisco,25C,24,2024-02-23 20:06:42
Tonalá, Jalisco,25C,24,2024-02-23 20:06:46
Ciudad de México, Ciudad de México,23C,21,2024-02-23 20:07:56
Guadalajara, Jalisco,26C,25,2024-02-23 20:08:00
Monterrey, Nuevo León,22C,21,2024-02-23 20:08:04
Zapopan, Jalisco,26C,25,2024-02-23 20:08:08
Tlaquepaque, Jalisco,25C,24,2024-02-23 20:08:11
Tonalá, Jalisco,25C,24,2024-02-23 20:08:15
Ciudad de México, Ciudad de México,23C,21,2024-02-23 20:09:27
Guadalajara, Jalisco,26C,25,2024-02-23 20:09:31
Monterrey, Nuevo León,22C,21,2024-02-23 20:09:35
Zapopan, Jalisco,26C,25,2024-02-23 20:09:39
Tlaquepaque, Jalisco,25C,24,2024-02-23 20:09:43
Tonalá, Jalisco,25C,24,2024-02-23 20:09:47
Ciudad de México, Ciudad de México,23C,21,2024-02-23 20:10:58
Guadalajara, Jalisco,26C,25,2024-02-23 20:11:02
Monterrey, Nuevo León,22C,21,2024-02-23 20:11:06
Zapopan, Jalisco,26C,25,2024-02-23 20:11:10
Tlaquepaque, Jalisco,25C,24,2024-02-23 20:11:14
Tonalá, Jalisco,25C,24,2024-02-23 20:11:18
Ciudad de México, Ciudad de México,23C,21,2024-02-23 20:12:33
Guadalajara, Jalisco,23C,22,2024-02-23 20:12:37
Monterrey, Nuevo León,22C,21,2024-02-23 20:12:41
Zapopan, Jalisco,23C,21,2024-02-23 20:12:45
Tlaquepaque, Jalisco,25C,24,2024-02-23 20:12:49
Tonalá, Jalisco,25C,24,2024-02-23 20:12:53
Ciudad de México, Ciudad de México,23C,21,2024-02-23 20:14:05
Guadalajara, Jalisco,23C,22,2024-02-23 20:14:09
Monterrey, Nuevo León,22C,21,2024-02-23 20:14:13
Zapopan, Jalisco,23C,21,2024-02-23 20:14:17
Tlaquepaque, Jalisco,25C,24,2024-02-23 20:14:21
Tonalá, Jalisco,25C,24,2024-02-23 20:14:24
Ciudad de México, Ciudad de México,22C,20,2024-02-23 20:15:35
Guadalajara, Jalisco,23C,22,2024-02-23 20:15:38
Monterrey, Nuevo León,22C,21,2024-02-23 20:15:42
Zapopan, Jalisco,23C,21,2024-02-23 20:15:46
Tlaquepaque, Jalisco,25C,24,2024-02-23 20:15:50
Tonalá, Jalisco,25C,24,2024-02-23 20:15:54
Ciudad de México, Ciudad de México,22C,20,2024-02-23 20:17:05
Guadalajara, Jalisco,23C,22,2024-02-23 20:17:09
Monterrey, Nuevo León,20C,19,2024-02-23 20:17:12
Zapopan, Jalisco,23C,21,2024-02-23 20:17:16
Tlaquepaque, Jalisco,25C,24,2024-02-23 20:17:19
Tonalá, Jalisco,25C,24,2024-02-23 20:17:22
Ciudad de México, Ciudad de México,22C,20,2024-02-23 20:18:34
Guadalajara, Jalisco,23C,22,2024-02-23 20:18:38
Monterrey, Nuevo León,20C,19,2024-02-23 20:18:41
Zapopan, Jalisco,23C,21,2024-02-23 20:18:45
Tlaquepaque, Jalisco,22C,21,2024-02-23 20:18:49
Tonalá, Jalisco,22C,21,2024-02-23 20:18:52
Ciudad de México, Ciudad de México,22C,20,2024-02-23 20:20:03
Guadalajara, Jalisco,23C,22,2024-02-23 20:20:07
Monterrey, Nuevo León,20C,19,2024-02-23 20:20:11
Zapopan, Jalisco,23C,21,2024-02-23 20:20:15
Tlaquepaque, Jalisco,22C,21,2024-02-23 20:20:19
Tonalá, Jalisco,22C,21,2024-02-23 20:20:23
Ciudad de México, Ciudad de México,22C,20,2024-02-23 20:21:34
Guadalajara, Jalisco,23C,22,2024-02-23 20:21:37
Monterrey, Nuevo León,20C,19,2024-02-23 20:21:41
Zapopan, Jalisco,23C,21,2024-02-23 20:21:45
Tlaquepaque, Jalisco,22C,21,2024-02-23 20:21:48
Tonalá, Jalisco,22C,21,2024-02-23 20:21:52
Ciudad de México, Ciudad de México,22C,20,2024-02-23 20:23:02
Guadalajara, Jalisco,23C,22,2024-02-23 20:23:06
Monterrey, Nuevo León,20C,19,2024-02-23 20:23:10
Zapopan, Jalisco,23C,21,2024-02-23 20:23:14
Tlaquepaque, Jalisco,22C,21,2024-02-23 20:23:18
Tonalá, Jalisco,22C,21,2024-02-23 20:23:21
Ciudad de México, Ciudad de México,22C,20,2024-02-23 20:24:33
Guadalajara, Jalisco,23C,22,2024-02-23 20:24:38
Monterrey, Nuevo León,20C,19,2024-02-23 20:24:41
Zapopan, Jalisco,23C,21,2024-02-23 20:24:45
Tlaquepaque, Jalisco,22C,21,2024-02-23 20:24:49
Tonalá, Jalisco,22C,21,2024-02-23 20:24:52
Ciudad de México, Ciudad de México,22C,20,2024-02-23 20:26:03
Guadalajara, Jalisco,23C,22,2024-02-23 20:26:07
Monterrey, Nuevo León,20C,19,2024-02-23 20:26:11
Zapopan, Jalisco,23C,21,2024-02-23 20:26:15
Tlaquepaque, Jalisco,22C,21,2024-02-23 20:26:18
Tonalá, Jalisco,22C,21,2024-02-23 20:26:22
Ciudad de México, Ciudad de México,22C,20,2024-02-23 20:27:36
Guadalajara, Jalisco,23C,22,2024-02-23 20:27:40
Monterrey, Nuevo León,20C,19,2024-02-23 20:27:44
Zapopan, Jalisco,23C,21,2024-02-23 20:27:48
Tlaquepaque, Jalisco,22C,21,2024-02-23 20:27:51
Tonalá, Jalisco,22C,21,2024-02-23 20:27:55
Ciudad de México, Ciudad de México,22C,20,2024-02-23 20:29:06
Guadalajara, Jalisco,20C,19,2024-02-23 20:29:09
Monterrey, Nuevo León,20C,19,2024-02-23 20:29:13
Zapopan, Jalisco,20C,19,2024-02-23 20:29:17
Tlaquepaque, Jalisco,22C,21,2024-02-23 20:29:20
Tonalá, Jalisco,22C,21,2024-02-23 20:29:24
Ciudad de México, Ciudad de México,22C,20,2024-02-23 20:30:34
Guadalajara, Jalisco,20C,19,2024-02-23 20:30:38
Monterrey, Nuevo León,20C,19,2024-02-23 20:30:42
Zapopan, Jalisco,20C,19,2024-02-23 20:30:46
Tlaquepaque, Jalisco,22C,21,2024-02-23 20:30:49
Tonalá, Jalisco,22C,21,2024-02-23 20:30:53
Ciudad de México, Ciudad de México,22C,20,2024-02-23 20:32:04
Guadalajara, Jalisco,20C,19,2024-02-23 20:32:08
Monterrey, Nuevo León,20C,19,2024-02-23 20:32:12
Zapopan, Jalisco,20C,19,2024-02-23 20:32:16
Tlaquepaque, Jalisco,22C,21,2024-02-23 20:32:19
Tonalá, Jalisco,22C,21,2024-02-23 20:32:23
Ciudad de México, Ciudad de México,22C,20,2024-02-23 20:33:35
Guadalajara, Jalisco,20C,19,2024-02-23 20:33:39
Monterrey, Nuevo León,20C,19,2024-02-23 20:33:43
Zapopan, Jalisco,20C,19,2024-02-23 20:33:47
Tlaquepaque, Jalisco,22C,21,2024-02-23 20:33:50
Tonalá, Jalisco,22C,21,2024-02-23 20:33:54
Ciudad de México, Ciudad de México,22C,20,2024-02-23 20:35:05
Guadalajara, Jalisco,20C,19,2024-02-23 20:35:09
Monterrey, Nuevo León,20C,19,2024-02-23 20:35:12
Zapopan, Jalisco,20C,19,2024-02-23 20:35:16
Tlaquepaque, Jalisco,22C,21,2024-02-23 20:35:20
Tonalá, Jalisco,22C,21,2024-02-23 20:35:23
Ciudad de México, Ciudad de México,22C,20,2024-02-23 20:36:37
Guadalajara, Jalisco,20C,19,2024-02-23 20:36:41
Monterrey, Nuevo León,20C,19,2024-02-23 20:36:45
Zapopan, Jalisco,20C,19,2024-02-23 20:36:49
Tlaquepaque, Jalisco,22C,21,2024-02-23 20:36:52
Tonalá, Jalisco,22C,21,2024-02-23 20:36:56
Ciudad de México, Ciudad de México,22C,20,2024-02-23 20:38:09
Guadalajara, Jalisco,20C,19,2024-02-23 20:38:13
Monterrey, Nuevo León,20C,19,2024-02-23 20:38:17
Zapopan, Jalisco,20C,19,2024-02-23 20:38:21
Tlaquepaque, Jalisco,22C,21,2024-02-23 20:38:25
Tonalá, Jalisco,22C,21,2024-02-23 20:38:28
Ciudad de México, Ciudad de México,22C,20,2024-02-23 20:39:38
Guadalajara, Jalisco,20C,19,2024-02-23 20:39:42
Monterrey, Nuevo León,20C,19,2024-02-23 20:39:45
Zapopan, Jalisco,20C,19,2024-02-23 20:39:50
Tlaquepaque, Jalisco,22C,21,2024-02-23 20:39:53
Tonalá, Jalisco,22C,21,2024-02-23 20:39:57
Ciudad de México, Ciudad de México,22C,20,2024-02-23 20:41:06
Guadalajara, Jalisco,20C,19,2024-02-23 20:41:09
Monterrey, Nuevo León,20C,19,2024-02-23 20:41:12
Zapopan, Jalisco,20C,19,2024-02-23 20:41:16
Tlaquepaque, Jalisco,22C,21,2024-02-23 20:41:19
Tonalá, Jalisco,22C,21,2024-02-23 20:41:23
Ciudad de México, Ciudad de México,22C,20,2024-02-23 20:42:32
Guadalajara, Jalisco,20C,19,2024-02-23 20:42:36
Monterrey, Nuevo León,20C,19,2024-02-23 20:42:39
Zapopan, Jalisco,20C,19,2024-02-23 20:42:42
Tlaquepaque, Jalisco,22C,21,2024-02-23 20:42:45
Tonalá, Jalisco,22C,21,2024-02-23 20:42:48
Ciudad de México, Ciudad de México,22C,20,2024-02-23 20:43:58
Guadalajara, Jalisco,20C,19,2024-02-23 20:44:01
Monterrey, Nuevo León,20C,19,2024-02-23 20:44:04
Zapopan, Jalisco,20C,19,2024-02-23 20:44:08
Tlaquepaque, Jalisco,22C,21,2024-02-23 20:44:11
Tonalá, Jalisco,22C,21,2024-02-23 20:44:14
Ciudad de México, Ciudad de México,22C,20,2024-02-23 20:45:24
Guadalajara, Jalisco,20C,19,2024-02-23 20:45:28
Monterrey, Nuevo León,20C,19,2024-02-23 20:45:31
Zapopan, Jalisco,20C,20,2024-02-23 20:45:35
Tlaquepaque, Jalisco,22C,21,2024-02-23 20:45:38
Tonalá, Jalisco,22C,21,2024-02-23 20:45:41
